algorithm,delta,variant,runs,time,energy_pkg,instructions,cycles,branch-misses,cache-misses,time_cv_pct
heapsort,0,parallel,30,0.2449323,0.51,678464705.5,738677804.5,10770638.0,3472884.5,7.4707814092984925
heapsort,0,serial,30,0.21689098175,0.46,804060480.5,572768344.0,10736253.0,7495169.5,2.4452556540270103
heapsort,3,parallel,30,0.2439420965,0.53,672485434.5,740996957.5,10820944.5,4199437.0,4.676120093473963
heapsort,3,serial,30,0.22373837124999998,0.46499999999999997,801306432.0,595304025.0,10811624.5,7532227.0,3.3753231884672164
heapsort,5,parallel,30,0.24344090000000002,0.51,672493430.0,740900708.5,10814684.0,3203554.0,6.4172529372464995
heapsort,5,serial,30,0.22296059875,0.48,802229759.0,592754430.5,10816144.5,7735718.5,4.223050376740178
heapsort,7,parallel,30,0.245153732,0.51,672503362.0,740329786.5,10816531.5,3862576.0,5.249053680617563
heapsort,7,serial,30,0.2235397295,0.46,802842201.0,593771715.0,10823765.5,7892177.5,4.309283862026287
heapsort,11,parallel,30,0.242974022,0.5,672471847.5,740493498.0,10818961.0,3340617.5,5.283142752061506
heapsort,11,serial,30,0.223697684,0.475,803616323.0,595525252.5,10824848.5,8235664.5,3.9982165686203066
mergesort,0,parallel,30,0.07024933375,0.22,504620346.0,589148198.0,9599474.0,185675.5,1.552401647780028
mergesort,0,serial,30,0.1614532125,0.39,497761543.0,419033713.5,9547624.0,297536.0,2.041986344176652
mergesort,3,parallel,30,0.06827006775,0.23,495228192.5,572722612.5,9665465.5,178201.0,0.7814438789352925
mergesort,3,serial,30,0.16007569375,0.37,489672657.0,415346344.0,9614109.0,295634.5,0.2213247719212172
mergesort,5,parallel,30,0.06726062625000001,0.22,493940705.0,561264780.5,9564836.5,180335.5,1.0507386388916728
mergesort,5,serial,30,0.15869890125000002,0.38,489076543.5,411398515.5,9511052.0,295393.5,0.33577105000224833
mergesort,7,parallel,30,0.06662829725,0.22,493110886.0,553945755.0,9463572.0,181862.5,8.599417247100059
mergesort,7,serial,30,0.15721231624999998,0.37,488674002.0,407368903.5,9412304.5,296048.5,0.201418842242259
mergesort,11,parallel,30,0.065407462,0.22,491879097.5,541957928.0,9296746.0,181053.5,0.9179984080860124
mergesort,11,serial,30,0.15541019774999998,0.37,488140207.5,402551705.5,9246345.5,293220.5,0.18397484856346605
quicksort,0,parallel,30,0.0695286935,0.2,397596924.0,552575687.5,8779767.5,50890.0,1.4479611525101543
quicksort,0,serial,30,0.13016895574999998,0.26,364071776.5,336557665.0,8598778.0,32068.0,0.6434182673767882
quicksort,3,parallel,30,0.071500482,0.21,374978641.0,564347735.5,9054254.0,50562.5,1.8492339223875272
quicksort,3,serial,30,0.13179439175000002,0.25,343459134.0,342107310.0,8932814.0,30492.5,0.6667192262089452
quicksort,5,parallel,30,0.068827513,0.19,363062057.5,549786459.5,8870954.5,50317.5,0.42367952123197866
quicksort,5,serial,30,0.12919358125000002,0.245,336833611.5,335018841.0,8745718.5,30429.5,0.23368399198451917
quicksort,7,parallel,30,0.064843307,0.19,354476926.5,544855584.0,8749160.0,49710.5,0.2497632249423102
quicksort,7,serial,30,0.127297135,0.245,329577123.0,329449344.5,8642637.5,29795.0,0.4895289867879136
quicksort,11,parallel,30,0.06442177425000001,0.18,342373791.0,525853490.5,8411257.5,50501.5,0.7908035055132416
quicksort,11,serial,30,0.123088979,0.24,320574242.0,318680709.0,8313701.0,30002.0,1.0426909221619136
shellsort,0,parallel,30,0.1096533665,0.37,1236443124.0,1017749184.5,15747311.0,655296.0,4.768262486615836
shellsort,0,serial,30,0.21571942775,0.53,965058423.5,576970979.5,12070998.0,288924.5,0.3800462336608086
shellsort,3,parallel,30,0.10698247699999999,0.375,1209491786.0,1001895372.5,15566782.0,630535.5,4.09648212936861
shellsort,3,serial,30,0.21244910275,0.555,939539023.0,567103894.5,12141018.5,289627.5,0.20147782830212188
shellsort,5,parallel,30,0.10508559825,0.36,1199438913.5,987004487.0,15819257.0,678026.0,3.982079219710451
shellsort,5,serial,30,0.21086616349999998,0.51,931743370.0,563647335.0,12090034.0,282651.0,0.1932120506080702
shellsort,7,parallel,30,0.10568432725,0.36,1192868393.0,999485357.5,16288348.0,704622.5,4.379434749459177
shellsort,7,serial,30,0.2101736575,0.5,925648138.5,561141174.5,12084893.0,283283.5,0.1380247791291896
shellsort,11,parallel,30,0.10403865450000001,0.355,1180787956.5,981823424.0,15846644.5,613855.0,4.680258581777806
shellsort,11,serial,30,0.2089162305,0.5,915699482.5,557656287.5,12077790.5,287084.5,0.17683393011486692
