algorithm,variant,threads,n,seed,delta,time,rem,inv,desc,max_err
quicksort,serial,1,10000,11,0,0.000745,0,0,0,0
quicksort,serial,1,10000,11,3,0.000777,151,156,151,3
quicksort,serial,1,10000,11,5,0.000789,231,239,231,5
quicksort,serial,1,10000,11,7,0.000822,330,345,330,7
quicksort,serial,1,10000,11,11,0.000766,514,550,514,11
quicksort,serial,1,10000,23,0,0.000760,0,0,0,0
quicksort,serial,1,10000,23,3,0.000775,145,149,145,3
quicksort,serial,1,10000,23,5,0.000807,251,258,251,5
quicksort,serial,1,10000,23,7,0.000779,342,351,342,7
quicksort,serial,1,10000,23,11,0.000789,495,519,494,23
quicksort,serial,1,10000,37,0,0.000767,0,0,0,0
quicksort,serial,1,10000,37,3,0.000752,147,151,147,3
quicksort,serial,1,10000,37,5,0.000769,232,237,232,5
quicksort,serial,1,10000,37,7,0.000806,323,337,323,7
quicksort,serial,1,10000,37,11,0.000765,526,553,526,11
quicksort,serial,1,10000,41,0,0.000755,0,0,0,0
quicksort,serial,1,10000,41,3,0.000793,141,144,141,3
quicksort,serial,1,10000,41,5,0.000782,251,256,251,5
quicksort,serial,1,10000,41,7,0.000784,345,361,345,8
quicksort,serial,1,10000,41,11,0.000876,524,564,524,11
quicksort,serial,1,10000,53,0,0.000771,0,0,0,0
quicksort,serial,1,10000,53,3,0.000781,161,164,161,3
quicksort,serial,1,10000,53,5,0.000780,255,261,255,5
quicksort,serial,1,10000,53,7,0.000769,337,350,337,7
quicksort,serial,1,10000,53,11,0.000789,526,556,526,11
quicksort,serial,1,100000,11,0,0.009760,0,0,0,0
quicksort,serial,1,100000,11,3,0.009771,12036,14092,11971,7
quicksort,serial,1,100000,11,5,0.009880,18135,23087,17933,14
quicksort,serial,1,100000,11,7,0.009944,22643,31145,22251,20
quicksort,serial,1,100000,11,11,0.010102,29846,47388,28845,32
quicksort,serial,1,100000,23,0,0.009733,0,0,0,0
quicksort,serial,1,100000,23,3,0.010064,12057,14024,11993,9
quicksort,serial,1,100000,23,5,0.009967,18074,22974,17904,13
quicksort,serial,1,100000,23,7,0.010015,22786,31364,22408,20
quicksort,serial,1,100000,23,11,0.009999,29910,47468,28942,31
quicksort,serial,1,100000,37,0,0.009422,0,0,0,0
quicksort,serial,1,100000,37,3,0.009754,11973,13918,11920,9
quicksort,serial,1,100000,37,5,0.009802,17820,22727,17634,15
quicksort,serial,1,100000,37,7,0.009961,22463,30834,22050,20
quicksort,serial,1,100000,37,11,0.009938,29683,47269,28748,31
quicksort,serial,1,100000,41,0,0.009376,0,0,0,0
quicksort,serial,1,100000,41,3,0.009907,11883,13866,11835,9
quicksort,serial,1,100000,41,5,0.009839,17889,22721,17714,14
quicksort,serial,1,100000,41,7,0.010062,22447,31077,22026,21
quicksort,serial,1,100000,41,11,0.010017,29643,47345,28597,32
quicksort,serial,1,100000,53,0,0.009467,0,0,0,0
quicksort,serial,1,100000,53,3,0.009603,12118,14088,12050,8
quicksort,serial,1,100000,53,5,0.009741,17829,22754,17635,15
quicksort,serial,1,100000,53,7,0.009829,22593,31067,22217,21
quicksort,serial,1,100000,53,11,0.009897,29825,47340,28828,33
quicksort,serial,1,1000000,11,0,0.118449,0,0,0,0
quicksort,serial,1,1000000,11,3,0.117505,404570,1142886,350059,9
quicksort,serial,1,1000000,11,5,0.115402,485756,1880907,397445,15
quicksort,serial,1,1000000,11,7,0.112980,536773,2613802,421940,21
quicksort,serial,1,1000000,11,11,0.109175,602265,4098818,446654,33
quicksort,serial,1,1000000,23,0,0.115009,0,0,0,0
quicksort,serial,1,1000000,23,3,0.117558,405203,1141794,350610,9
quicksort,serial,1,1000000,23,5,0.114688,485417,1874837,397525,15
quicksort,serial,1,1000000,23,7,0.113890,536469,2617414,421611,21
quicksort,serial,1,1000000,23,11,0.108847,601684,4082488,446236,33
quicksort,serial,1,1000000,37,0,0.115789,0,0,0,0
quicksort,serial,1,1000000,37,3,0.118032,405362,1143824,350393,9
quicksort,serial,1,1000000,37,5,0.115777,486244,1881981,397799,15
quicksort,serial,1,1000000,37,7,0.113546,536413,2613954,421713,21
quicksort,serial,1,1000000,37,11,0.110450,602432,4088548,446281,33
quicksort,serial,1,1000000,41,0,0.115272,0,0,0,0
quicksort,serial,1,1000000,41,3,0.116784,404776,1139843,350314,9
quicksort,serial,1,1000000,41,5,0.113609,485709,1879189,397688,15
quicksort,serial,1,1000000,41,7,0.112094,536535,2612812,421688,21
quicksort,serial,1,1000000,41,11,0.107405,602353,4102164,446260,33
quicksort,serial,1,1000000,53,0,0.114886,0,0,0,0
quicksort,serial,1,1000000,53,3,0.117537,404614,1139386,350276,9
quicksort,serial,1,1000000,53,5,0.114322,486069,1880738,397881,15
quicksort,serial,1,1000000,53,7,0.110686,536585,2613942,421792,21
quicksort,serial,1,1000000,53,11,0.108368,602681,4091882,446618,33
quicksort,parallel,4,10000,11,0,0.000896,0,0,0,0
quicksort,parallel,4,10000,11,3,0.000770,151,156,151,3
quicksort,parallel,4,10000,11,5,0.000741,231,239,231,5
quicksort,parallel,4,10000,11,7,0.000757,330,345,330,7
quicksort,parallel,4,10000,11,11,0.000858,514,550,514,11
quicksort,parallel,4,10000,23,0,0.000799,0,0,0,0
quicksort,parallel,4,10000,23,3,0.000707,145,149,145,3
quicksort,parallel,4,10000,23,5,0.000801,251,258,251,5
quicksort,parallel,4,10000,23,7,0.000752,342,351,342,7
quicksort,parallel,4,10000,23,11,0.000710,495,519,494,23
quicksort,parallel,4,10000,37,0,0.000778,0,0,0,0
quicksort,parallel,4,10000,37,3,0.000757,147,151,147,3
quicksort,parallel,4,10000,37,5,0.000775,232,237,232,5
quicksort,parallel,4,10000,37,7,0.000768,323,337,323,7
quicksort,parallel,4,10000,37,11,0.000808,526,553,526,11
quicksort,parallel,4,10000,41,0,0.000789,0,0,0,0
quicksort,parallel,4,10000,41,3,0.000783,141,144,141,3
quicksort,parallel,4,10000,41,5,0.000752,251,256,251,5
quicksort,parallel,4,10000,41,7,0.000756,345,361,345,8
quicksort,parallel,4,10000,41,11,0.000960,524,564,524,11
quicksort,parallel,4,10000,53,0,0.000724,0,0,0,0
quicksort,parallel,4,10000,53,3,0.000699,161,164,161,3
quicksort,parallel,4,10000,53,5,0.000695,255,261,255,5
quicksort,parallel,4,10000,53,7,0.000756,337,350,337,7
quicksort,parallel,4,10000,53,11,0.000755,526,556,526,11
quicksort,parallel,4,100000,11,0,0.004069,0,0,0,0
quicksort,parallel,4,100000,11,3,0.005538,12036,14092,11971,7
quicksort,parallel,4,100000,11,5,0.004629,18135,23087,17933,14
quicksort,parallel,4,100000,11,7,0.004436,22643,31145,22251,20
quicksort,parallel,4,100000,11,11,0.004429,29846,47388,28845,32
quicksort,parallel,4,100000,23,0,0.004612,0,0,0,0
quicksort,parallel,4,100000,23,3,0.005287,12057,14024,11993,9
quicksort,parallel,4,100000,23,5,0.004943,18074,22974,17904,13
quicksort,parallel,4,100000,23,7,0.004730,22786,31364,22408,20
quicksort,parallel,4,100000,23,11,0.005394,29910,47468,28942,31
quicksort,parallel,4,100000,37,0,0.004468,0,0,0,0
quicksort,parallel,4,100000,37,3,0.004373,11973,13918,11920,9
quicksort,parallel,4,100000,37,5,0.004414,17820,22727,17634,15
quicksort,parallel,4,100000,37,7,0.004499,22463,30834,22050,20
quicksort,parallel,4,100000,37,11,0.004482,29683,47269,28748,31
quicksort,parallel,4,100000,41,0,0.004850,0,0,0,0
quicksort,parallel,4,100000,41,3,0.004276,11883,13866,11835,9
quicksort,parallel,4,100000,41,5,0.004459,17889,22721,17714,14
quicksort,parallel,4,100000,41,7,0.004847,22447,31077,22026,21
quicksort,parallel,4,100000,41,11,0.004776,29643,47345,28597,32
quicksort,parallel,4,100000,53,0,0.004844,0,0,0,0
quicksort,parallel,4,100000,53,3,0.005006,12118,14088,12050,8
quicksort,parallel,4,100000,53,5,0.005248,17829,22754,17635,15
quicksort,parallel,4,100000,53,7,0.004881,22593,31067,22217,21
quicksort,parallel,4,100000,53,11,0.004675,29825,47340,28828,33
quicksort,parallel,4,1000000,11,0,0.041963,0,0,0,0
quicksort,parallel,4,1000000,11,3,0.044547,404570,1142886,350059,9
quicksort,parallel,4,1000000,11,5,0.041286,485756,1880907,397445,15
quicksort,parallel,4,1000000,11,7,0.042343,536773,2613802,421940,21
quicksort,parallel,4,1000000,11,11,0.039720,602265,4098818,446654,33
quicksort,parallel,4,1000000,23,0,0.044505,0,0,0,0
quicksort,parallel,4,1000000,23,3,0.048053,405203,1141794,350610,9
quicksort,parallel,4,1000000,23,5,0.043559,485417,1874837,397525,15
quicksort,parallel,4,1000000,23,7,0.049244,536469,2617414,421611,21
quicksort,parallel,4,1000000,23,11,0.043967,601684,4082488,446236,33
quicksort,parallel,4,1000000,37,0,0.045090,0,0,0,0
quicksort,parallel,4,1000000,37,3,0.043951,405362,1143824,350393,9
quicksort,parallel,4,1000000,37,5,0.041198,486244,1881981,397799,15
quicksort,parallel,4,1000000,37,7,0.043863,536413,2613954,421713,21
quicksort,parallel,4,1000000,37,11,0.038574,602432,4088548,446281,33
quicksort,parallel,4,1000000,41,0,0.047345,0,0,0,0
quicksort,parallel,4,1000000,41,3,0.050642,404776,1139843,350314,9
quicksort,parallel,4,1000000,41,5,0.051249,485709,1879189,397688,15
quicksort,parallel,4,1000000,41,7,0.053622,536535,2612812,421688,21
quicksort,parallel,4,1000000,41,11,0.046178,602353,4102164,446260,33
quicksort,parallel,4,1000000,53,0,0.053132,0,0,0,0
quicksort,parallel,4,1000000,53,3,0.050951,404614,1139386,350276,9
quicksort,parallel,4,1000000,53,5,0.045275,486069,1880738,397881,15
quicksort,parallel,4,1000000,53,7,0.047601,536585,2613942,421792,21
quicksort,parallel,4,1000000,53,11,0.048818,602681,4091882,446618,33
mergesort,serial,1,10000,11,0,0.000919,0,0,0,0
mergesort,serial,1,10000,11,3,0.000928,129,133,129,3
mergesort,serial,1,10000,11,5,0.000944,209,218,209,5
mergesort,serial,1,10000,11,7,0.000939,290,304,290,7
mergesort,serial,1,10000,11,11,0.000953,474,511,473,21
mergesort,serial,1,10000,23,0,0.000909,0,0,0,0
mergesort,serial,1,10000,23,3,0.000939,163,168,163,5
mergesort,serial,1,10000,23,5,0.000940,271,281,271,10
mergesort,serial,1,10000,23,7,0.000946,347,365,347,12
mergesort,serial,1,10000,23,11,0.000962,506,539,506,19
mergesort,serial,1,10000,37,0,0.000919,0,0,0,0
mergesort,serial,1,10000,37,3,0.000942,144,147,144,4
mergesort,serial,1,10000,37,5,0.000936,252,259,252,8
mergesort,serial,1,10000,37,7,0.000945,352,367,352,13
mergesort,serial,1,10000,37,11,0.000937,539,573,539,18
mergesort,serial,1,10000,41,0,0.000908,0,0,0,0
mergesort,serial,1,10000,41,3,0.000928,155,156,155,3
mergesort,serial,1,10000,41,5,0.000933,254,260,254,5
mergesort,serial,1,10000,41,7,0.000946,342,358,342,9
mergesort,serial,1,10000,41,11,0.000941,501,535,501,22
mergesort,serial,1,10000,53,0,0.000936,0,0,0,0
mergesort,serial,1,10000,53,3,0.000939,142,142,142,3
mergesort,serial,1,10000,53,5,0.000970,231,238,231,6
mergesort,serial,1,10000,53,7,0.000974,315,332,315,11
mergesort,serial,1,10000,53,11,0.000988,511,552,511,16
mergesort,serial,1,100000,11,0,0.011821,0,0,0,0
mergesort,serial,1,100000,11,3,0.012028,12364,14800,12313,8
mergesort,serial,1,100000,11,5,0.011790,18619,24547,18475,12
mergesort,serial,1,100000,11,7,0.012130,23850,34250,23563,19
mergesort,serial,1,100000,11,11,0.012247,31902,53553,31202,43
mergesort,serial,1,100000,23,0,0.011911,0,0,0,0
mergesort,serial,1,100000,23,3,0.011941,12507,14939,12461,9
mergesort,serial,1,100000,23,5,0.012216,18872,24728,18753,14
mergesort,serial,1,100000,23,7,0.012014,24062,34499,23761,20
mergesort,serial,1,100000,23,11,0.012282,32113,53811,31369,35
mergesort,serial,1,100000,37,0,0.012230,0,0,0,0
mergesort,serial,1,100000,37,3,0.011907,12347,14753,12311,8
mergesort,serial,1,100000,37,5,0.012261,18687,24580,18550,14
mergesort,serial,1,100000,37,7,0.012219,23853,34146,23565,20
mergesort,serial,1,100000,37,11,0.012236,32008,53501,31280,33
mergesort,serial,1,100000,41,0,0.011842,0,0,0,0
mergesort,serial,1,100000,41,3,0.011901,12335,14777,12283,8
mergesort,serial,1,100000,41,5,0.011783,18673,24535,18529,14
mergesort,serial,1,100000,41,7,0.012039,23869,34173,23572,21
mergesort,serial,1,100000,41,11,0.011934,31890,53539,31169,33
mergesort,serial,1,100000,53,0,0.011641,0,0,0,0
mergesort,serial,1,100000,53,3,0.011853,12384,14646,12343,6
mergesort,serial,1,100000,53,5,0.012187,18773,24525,18647,14
mergesort,serial,1,100000,53,7,0.011961,23981,34252,23696,20
mergesort,serial,1,100000,53,11,0.012977,32061,53750,31372,35
mergesort,serial,1,1000000,11,0,0.148418,0,0,0,0
mergesort,serial,1,1000000,11,3,0.146836,475276,1506382,426587,13
mergesort,serial,1,1000000,11,5,0.142898,566868,2528549,487919,24
mergesort,serial,1,1000000,11,7,0.145351,620728,3575320,517740,33
mergesort,serial,1,1000000,11,11,0.142617,685422,5702081,546601,58
mergesort,serial,1,1000000,23,0,0.146535,0,0,0,0
mergesort,serial,1,1000000,23,3,0.150090,475043,1505895,426436,14
mergesort,serial,1,1000000,23,5,0.146710,567198,2530879,488545,23
mergesort,serial,1,1000000,23,7,0.145698,620582,3566863,518470,34
mergesort,serial,1,1000000,23,11,0.145262,685257,5693224,547206,57
mergesort,serial,1,1000000,37,0,0.146543,0,0,0,0
mergesort,serial,1,1000000,37,3,0.144754,474780,1506084,426174,15
mergesort,serial,1,1000000,37,5,0.145526,566423,2527180,487702,24
mergesort,serial,1,1000000,37,7,0.144208,620683,3571592,517901,34
mergesort,serial,1,1000000,37,11,0.141631,685079,5706877,546328,57
mergesort,serial,1,1000000,41,0,0.148347,0,0,0,0
mergesort,serial,1,1000000,41,3,0.145719,474838,1502273,426266,13
mergesort,serial,1,1000000,41,5,0.145047,566804,2528024,488074,25
mergesort,serial,1,1000000,41,7,0.144545,620964,3568552,518047,36
mergesort,serial,1,1000000,41,11,0.141792,685251,5702261,546674,59
mergesort,serial,1,1000000,53,0,0.148717,0,0,0,0
mergesort,serial,1,1000000,53,3,0.146952,474810,1501608,425937,14
mergesort,serial,1,1000000,53,5,0.144286,566504,2526989,487687,24
mergesort,serial,1,1000000,53,7,0.147106,620596,3569436,517913,36
mergesort,serial,1,1000000,53,11,0.141671,685065,5702791,547209,59
mergesort,parallel,4,10000,11,0,0.000623,0,0,0,0
mergesort,parallel,4,10000,11,3,0.000600,129,133,129,3
mergesort,parallel,4,10000,11,5,0.000486,209,218,209,5
mergesort,parallel,4,10000,11,7,0.000473,290,304,290,7
mergesort,parallel,4,10000,11,11,0.000500,474,511,473,21
mergesort,parallel,4,10000,23,0,0.000503,0,0,0,0
mergesort,parallel,4,10000,23,3,0.000472,163,168,163,5
mergesort,parallel,4,10000,23,5,0.000485,271,281,271,10
mergesort,parallel,4,10000,23,7,0.000517,347,365,347,12
mergesort,parallel,4,10000,23,11,0.000470,506,539,506,19
mergesort,parallel,4,10000,37,0,0.000470,0,0,0,0
mergesort,parallel,4,10000,37,3,0.000500,144,147,144,4
mergesort,parallel,4,10000,37,5,0.000499,252,259,252,8
mergesort,parallel,4,10000,37,7,0.000478,352,367,352,13
mergesort,parallel,4,10000,37,11,0.000519,539,573,539,18
mergesort,parallel,4,10000,41,0,0.000478,0,0,0,0
mergesort,parallel,4,10000,41,3,0.000478,155,156,155,3
mergesort,parallel,4,10000,41,5,0.000529,254,260,254,5
mergesort,parallel,4,10000,41,7,0.000496,342,358,342,9
mergesort,parallel,4,10000,41,11,0.000474,501,535,501,22
mergesort,parallel,4,10000,53,0,0.000489,0,0,0,0
mergesort,parallel,4,10000,53,3,0.000480,142,142,142,3
mergesort,parallel,4,10000,53,5,0.000517,231,238,231,6
mergesort,parallel,4,10000,53,7,0.000487,315,332,315,11
mergesort,parallel,4,10000,53,11,0.000493,511,552,511,16
mergesort,parallel,4,100000,11,0,0.003983,0,0,0,0
mergesort,parallel,4,100000,11,3,0.003893,12364,14800,12313,8
mergesort,parallel,4,100000,11,5,0.004571,18619,24547,18475,12
mergesort,parallel,4,100000,11,7,0.003965,23850,34250,23563,19
mergesort,parallel,4,100000,11,11,0.004016,31902,53553,31202,43
mergesort,parallel,4,100000,23,0,0.003820,0,0,0,0
mergesort,parallel,4,100000,23,3,0.003795,12507,14939,12461,9
mergesort,parallel,4,100000,23,5,0.003812,18872,24728,18753,14
mergesort,parallel,4,100000,23,7,0.004313,24062,34499,23761,20
mergesort,parallel,4,100000,23,11,0.004061,32113,53811,31369,35
mergesort,parallel,4,100000,37,0,0.003724,0,0,0,0
mergesort,parallel,4,100000,37,3,0.003880,12347,14753,12311,8
mergesort,parallel,4,100000,37,5,0.003872,18687,24580,18550,14
mergesort,parallel,4,100000,37,7,0.004012,23853,34146,23565,20
mergesort,parallel,4,100000,37,11,0.004545,32008,53501,31280,33
mergesort,parallel,4,100000,41,0,0.004340,0,0,0,0
mergesort,parallel,4,100000,41,3,0.004464,12335,14777,12283,8
mergesort,parallel,4,100000,41,5,0.004091,18673,24535,18529,14
mergesort,parallel,4,100000,41,7,0.003904,23869,34173,23572,21
mergesort,parallel,4,100000,41,11,0.004036,31890,53539,31169,33
mergesort,parallel,4,100000,53,0,0.003744,0,0,0,0
mergesort,parallel,4,100000,53,3,0.003893,12384,14646,12343,6
mergesort,parallel,4,100000,53,5,0.004071,18773,24525,18647,14
mergesort,parallel,4,100000,53,7,0.004626,23981,34252,23696,20
mergesort,parallel,4,100000,53,11,0.004323,32061,53750,31372,35
mergesort,parallel,4,1000000,11,0,0.045520,0,0,0,0
mergesort,parallel,4,1000000,11,3,0.044024,475276,1506382,426587,13
mergesort,parallel,4,1000000,11,5,0.043165,566868,2528549,487919,24
mergesort,parallel,4,1000000,11,7,0.043614,620728,3575320,517740,33
mergesort,parallel,4,1000000,11,11,0.042272,685422,5702081,546601,58
mergesort,parallel,4,1000000,23,0,0.049362,0,0,0,0
mergesort,parallel,4,1000000,23,3,0.048935,475043,1505895,426436,14
mergesort,parallel,4,1000000,23,5,0.048561,567198,2530879,488545,23
mergesort,parallel,4,1000000,23,7,0.042879,620582,3566863,518470,34
mergesort,parallel,4,1000000,23,11,0.040530,685257,5693224,547206,57
mergesort,parallel,4,1000000,37,0,0.043849,0,0,0,0
mergesort,parallel,4,1000000,37,3,0.043398,474780,1506084,426174,15
mergesort,parallel,4,1000000,37,5,0.041784,566423,2527180,487702,24
mergesort,parallel,4,1000000,37,7,0.044251,620683,3571592,517901,34
mergesort,parallel,4,1000000,37,11,0.042044,685079,5706877,546328,57
mergesort,parallel,4,1000000,41,0,0.046799,0,0,0,0
mergesort,parallel,4,1000000,41,3,0.045040,474838,1502273,426266,13
mergesort,parallel,4,1000000,41,5,0.043301,566804,2528024,488074,25
mergesort,parallel,4,1000000,41,7,0.042413,620964,3568552,518047,36
mergesort,parallel,4,1000000,41,11,0.043054,685251,5702261,546674,59
mergesort,parallel,4,1000000,53,0,0.045702,0,0,0,0
mergesort,parallel,4,1000000,53,3,0.049736,474810,1501608,425937,14
mergesort,parallel,4,1000000,53,5,0.043773,566504,2526989,487687,24
mergesort,parallel,4,1000000,53,7,0.042697,620596,3569436,517913,36
mergesort,parallel,4,1000000,53,11,0.043697,685065,5702791,547209,59
shellsort,serial,1,10000,11,0,0.001104,0,0,0,0
shellsort,serial,1,10000,11,3,0.001120,129,133,129,3
shellsort,serial,1,10000,11,5,0.001074,216,222,216,5
shellsort,serial,1,10000,11,7,0.001092,318,330,318,14
shellsort,serial,1,10000,11,11,0.001089,498,534,498,20
shellsort,serial,1,10000,23,0,0.001118,0,0,0,0
shellsort,serial,1,10000,23,3,0.001197,143,149,143,5
shellsort,serial,1,10000,23,5,0.001072,250,259,250,5
shellsort,serial,1,10000,23,7,0.001085,339,354,339,9
shellsort,serial,1,10000,23,11,0.001089,534,577,534,22
shellsort,serial,1,10000,37,0,0.001110,0,0,0,0
shellsort,serial,1,10000,37,3,0.001116,141,145,141,4
shellsort,serial,1,10000,37,5,0.001089,232,242,232,7
shellsort,serial,1,10000,37,7,0.001103,348,367,348,14
shellsort,serial,1,10000,37,11,0.001076,527,573,527,21
shellsort,serial,1,10000,41,0,0.001100,0,0,0,0
shellsort,serial,1,10000,41,3,0.001186,136,139,136,6
shellsort,serial,1,10000,41,5,0.001077,248,257,248,9
shellsort,serial,1,10000,41,7,0.001065,339,358,339,12
shellsort,serial,1,10000,41,11,0.001095,516,562,516,18
shellsort,serial,1,10000,53,0,0.001071,0,0,0,0
shellsort,serial,1,10000,53,3,0.001141,145,151,145,6
shellsort,serial,1,10000,53,5,0.001089,248,261,248,10
shellsort,serial,1,10000,53,7,0.001108,329,350,329,11
shellsort,serial,1,10000,53,11,0.001104,509,551,509,18
shellsort,serial,1,100000,11,0,0.014659,0,0,0,0
shellsort,serial,1,100000,11,3,0.016420,12516,15372,12478,9
shellsort,serial,1,100000,11,5,0.015191,18996,25962,18856,18
shellsort,serial,1,100000,11,7,0.015459,24297,36349,23979,24
shellsort,serial,1,100000,11,11,0.015436,32745,57769,31927,37
shellsort,serial,1,100000,23,0,0.014619,0,0,0,0
shellsort,serial,1,100000,23,3,0.015098,12834,15707,12794,8
shellsort,serial,1,100000,23,5,0.015493,19349,26343,19204,18
shellsort,serial,1,100000,23,7,0.014927,24748,37221,24445,21
shellsort,serial,1,100000,23,11,0.015368,32925,58114,32121,38
shellsort,serial,1,100000,37,0,0.014752,0,0,0,0
shellsort,serial,1,100000,37,3,0.015088,12519,15205,12474,9
shellsort,serial,1,100000,37,5,0.015497,19070,25815,18930,14
shellsort,serial,1,100000,37,7,0.015545,24395,36357,24112,24
shellsort,serial,1,100000,37,11,0.014932,32586,57148,31824,34
shellsort,serial,1,100000,41,0,0.014362,0,0,0,0
shellsort,serial,1,100000,41,3,0.015042,12609,15468,12553,9
shellsort,serial,1,100000,41,5,0.015449,19100,26026,18932,15
shellsort,serial,1,100000,41,7,0.015338,24476,36652,24157,25
shellsort,serial,1,100000,41,11,0.014987,32889,58082,32074,41
shellsort,serial,1,100000,53,0,0.014796,0,0,0,0
shellsort,serial,1,100000,53,3,0.014771,12619,15384,12588,9
shellsort,serial,1,100000,53,5,0.015105,19229,26170,19110,17
shellsort,serial,1,100000,53,7,0.015273,24507,36497,24260,21
shellsort,serial,1,100000,53,11,0.015118,32730,57757,31961,37
shellsort,serial,1,1000000,11,0,0.199260,0,0,0,0
shellsort,serial,1,1000000,11,3,0.199823,478738,1517083,431541,15
shellsort,serial,1,1000000,11,5,0.198678,564463,2442520,489380,23
shellsort,serial,1,1000000,11,7,0.203242,616784,3382664,519948,34
shellsort,serial,1,1000000,11,11,0.197946,681863,5315652,551344,58
shellsort,serial,1,1000000,23,0,0.205510,0,0,0,0
shellsort,serial,1,1000000,23,3,0.205253,477676,1512447,430428,15
shellsort,serial,1,1000000,23,5,0.203440,564490,2442901,489798,26
shellsort,serial,1,1000000,23,7,0.201232,616975,3385329,519784,33
shellsort,serial,1,1000000,23,11,0.198323,681701,5323722,551503,57
shellsort,serial,1,1000000,37,0,0.206670,0,0,0,0
shellsort,serial,1,1000000,37,3,0.198167,478548,1516016,431355,15
shellsort,serial,1,1000000,37,5,0.202749,564638,2447307,489910,30
shellsort,serial,1,1000000,37,7,0.197469,617026,3393342,520231,33
shellsort,serial,1,1000000,37,11,0.198486,682515,5335599,551763,56
shellsort,serial,1,1000000,41,0,0.201749,0,0,0,0
shellsort,serial,1,1000000,41,3,0.198740,478574,1513539,431526,14
shellsort,serial,1,1000000,41,5,0.202011,564968,2446838,490186,24
shellsort,serial,1,1000000,41,7,0.195468,617188,3387374,520267,35
shellsort,serial,1,1000000,41,11,0.193452,682162,5326472,551571,53
shellsort,serial,1,1000000,53,0,0.198359,0,0,0,0
shellsort,serial,1,1000000,53,3,0.201418,478870,1516918,431963,15
shellsort,serial,1,1000000,53,5,0.197015,565123,2446534,490310,23
shellsort,serial,1,1000000,53,7,0.198638,617043,3382691,520184,36
shellsort,serial,1,1000000,53,11,0.199237,681588,5311055,551391,56
shellsort,parallel,4,10000,11,0,0.000569,0,0,0,0
shellsort,parallel,4,10000,11,3,0.000602,129,133,129,3
shellsort,parallel,4,10000,11,5,0.000628,216,222,216,5
shellsort,parallel,4,10000,11,7,0.000697,318,330,318,14
shellsort,parallel,4,10000,11,11,0.000655,498,534,498,20
shellsort,parallel,4,10000,23,0,0.000567,0,0,0,0
shellsort,parallel,4,10000,23,3,0.000569,143,149,143,5
shellsort,parallel,4,10000,23,5,0.000567,250,259,250,5
shellsort,parallel,4,10000,23,7,0.000570,339,354,339,9
shellsort,parallel,4,10000,23,11,0.000702,534,577,534,22
shellsort,parallel,4,10000,37,0,0.000563,0,0,0,0
shellsort,parallel,4,10000,37,3,0.000568,141,145,141,4
shellsort,parallel,4,10000,37,5,0.000612,232,242,232,7
shellsort,parallel,4,10000,37,7,0.000585,348,367,348,14
shellsort,parallel,4,10000,37,11,0.000568,527,573,527,21
shellsort,parallel,4,10000,41,0,0.000711,0,0,0,0
shellsort,parallel,4,10000,41,3,0.000580,136,139,136,6
shellsort,parallel,4,10000,41,5,0.000578,248,257,248,9
shellsort,parallel,4,10000,41,7,0.000638,339,358,339,12
shellsort,parallel,4,10000,41,11,0.000578,516,562,516,18
shellsort,parallel,4,10000,53,0,0.000652,0,0,0,0
shellsort,parallel,4,10000,53,3,0.000640,145,151,145,6
shellsort,parallel,4,10000,53,5,0.000622,248,261,248,10
shellsort,parallel,4,10000,53,7,0.000581,329,350,329,11
shellsort,parallel,4,10000,53,11,0.000580,509,551,509,18
shellsort,parallel,4,100000,11,0,0.006505,0,0,0,0
shellsort,parallel,4,100000,11,3,0.007428,12516,15372,12478,9
shellsort,parallel,4,100000,11,5,0.008274,18996,25962,18856,18
shellsort,parallel,4,100000,11,7,0.005717,24297,36349,23979,24
shellsort,parallel,4,100000,11,11,0.005791,32745,57769,31927,37
shellsort,parallel,4,100000,23,0,0.007094,0,0,0,0
shellsort,parallel,4,100000,23,3,0.005535,12834,15707,12794,8
shellsort,parallel,4,100000,23,5,0.007219,19349,26343,19204,18
shellsort,parallel,4,100000,23,7,0.006807,24748,37221,24445,21
shellsort,parallel,4,100000,23,11,0.005738,32925,58114,32121,38
shellsort,parallel,4,100000,37,0,0.007256,0,0,0,0
shellsort,parallel,4,100000,37,3,0.005708,12519,15205,12474,9
shellsort,parallel,4,100000,37,5,0.007885,19070,25815,18930,14
shellsort,parallel,4,100000,37,7,0.008290,24395,36357,24112,24
shellsort,parallel,4,100000,37,11,0.005653,32586,57148,31824,34
shellsort,parallel,4,100000,41,0,0.007088,0,0,0,0
shellsort,parallel,4,100000,41,3,0.005652,12609,15468,12553,9
shellsort,parallel,4,100000,41,5,0.005793,19100,26026,18932,15
shellsort,parallel,4,100000,41,7,0.006929,24476,36652,24157,25
shellsort,parallel,4,100000,41,11,0.006795,32889,58082,32074,41
shellsort,parallel,4,100000,53,0,0.005254,0,0,0,0
shellsort,parallel,4,100000,53,3,0.008288,12619,15384,12588,9
shellsort,parallel,4,100000,53,5,0.005675,19229,26170,19110,17
shellsort,parallel,4,100000,53,7,0.005756,24507,36497,24260,21
shellsort,parallel,4,100000,53,11,0.007182,32730,57757,31961,37
shellsort,parallel,4,1000000,11,0,0.072808,0,0,0,0
shellsort,parallel,4,1000000,11,3,0.067727,478738,1517083,431541,15
shellsort,parallel,4,1000000,11,5,0.069842,564463,2442520,489380,23
shellsort,parallel,4,1000000,11,7,0.066131,616784,3382664,519948,34
shellsort,parallel,4,1000000,11,11,0.064844,681863,5315652,551344,58
shellsort,parallel,4,1000000,23,0,0.073243,0,0,0,0
shellsort,parallel,4,1000000,23,3,0.070637,477676,1512447,430428,15
shellsort,parallel,4,1000000,23,5,0.071296,564490,2442901,489798,26
shellsort,parallel,4,1000000,23,7,0.088536,616975,3385329,519784,33
shellsort,parallel,4,1000000,23,11,0.089120,681701,5323722,551503,57
shellsort,parallel,4,1000000,37,0,0.075470,0,0,0,0
shellsort,parallel,4,1000000,37,3,0.069736,478548,1516016,431355,15
shellsort,parallel,4,1000000,37,5,0.069166,564638,2447307,489910,30
shellsort,parallel,4,1000000,37,7,0.068486,617026,3393342,520231,33
shellsort,parallel,4,1000000,37,11,0.068732,682515,5335599,551763,56
shellsort,parallel,4,1000000,41,0,0.073192,0,0,0,0
shellsort,parallel,4,1000000,41,3,0.069479,478574,1513539,431526,14
shellsort,parallel,4,1000000,41,5,0.067263,564968,2446838,490186,24
shellsort,parallel,4,1000000,41,7,0.072282,617188,3387374,520267,35
shellsort,parallel,4,1000000,41,11,0.067363,682162,5326472,551571,53
shellsort,parallel,4,1000000,53,0,0.070491,0,0,0,0
shellsort,parallel,4,1000000,53,3,0.068365,478870,1516918,431963,15
shellsort,parallel,4,1000000,53,5,0.066001,565123,2446534,490310,23
shellsort,parallel,4,1000000,53,7,0.067727,617043,3382691,520184,36
shellsort,parallel,4,1000000,53,11,0.064705,681588,5311055,551391,56
heapsort,serial,1,10000,11,0,0.001061,0,0,0,0
heapsort,serial,1,10000,11,3,0.001241,141,146,141,3
heapsort,serial,1,10000,11,5,0.001099,235,244,235,5
heapsort,serial,1,10000,11,7,0.001077,322,337,322,7
heapsort,serial,1,10000,11,11,0.001091,495,525,495,18
heapsort,serial,1,10000,23,0,0.001081,0,0,0,0
heapsort,serial,1,10000,23,3,0.001102,136,139,136,3
heapsort,serial,1,10000,23,5,0.001112,243,250,243,5
heapsort,serial,1,10000,23,7,0.001099,335,348,335,9
heapsort,serial,1,10000,23,11,0.001129,498,523,498,19
heapsort,serial,1,10000,37,0,0.001062,0,0,0,0
heapsort,serial,1,10000,37,3,0.001137,153,156,153,4
heapsort,serial,1,10000,37,5,0.001176,248,255,248,5
heapsort,serial,1,10000,37,7,0.001138,346,362,346,10
heapsort,serial,1,10000,37,11,0.001149,519,555,519,19
heapsort,serial,1,10000,41,0,0.001078,0,0,0,0
heapsort,serial,1,10000,41,3,0.001145,137,138,137,3
heapsort,serial,1,10000,41,5,0.001099,251,261,251,8
heapsort,serial,1,10000,41,7,0.001090,331,351,331,12
heapsort,serial,1,10000,41,11,0.001097,526,568,526,20
heapsort,serial,1,10000,53,0,0.001061,0,0,0,0
heapsort,serial,1,10000,53,3,0.001132,147,150,147,3
heapsort,serial,1,10000,53,5,0.001135,250,261,250,9
heapsort,serial,1,10000,53,7,0.001166,343,364,343,14
heapsort,serial,1,10000,53,11,0.001147,531,571,531,19
heapsort,serial,1,100000,11,0,0.014204,0,0,0,0
heapsort,serial,1,100000,11,3,0.014702,12298,14720,12251,7
heapsort,serial,1,100000,11,5,0.014870,18751,24604,18624,15
heapsort,serial,1,100000,11,7,0.014480,23903,34275,23664,21
heapsort,serial,1,100000,11,11,0.014375,32121,54041,31379,31
heapsort,serial,1,100000,23,0,0.013993,0,0,0,0
heapsort,serial,1,100000,23,3,0.015473,12466,14936,12427,7
heapsort,serial,1,100000,23,5,0.015310,18851,24799,18726,12
heapsort,serial,1,100000,23,7,0.015320,24069,34585,23784,20
heapsort,serial,1,100000,23,11,0.015072,32100,53858,31384,32
heapsort,serial,1,100000,37,0,0.013925,0,0,0,0
heapsort,serial,1,100000,37,3,0.014931,12460,14903,12428,8
heapsort,serial,1,100000,37,5,0.014772,18812,24801,18684,14
heapsort,serial,1,100000,37,7,0.015122,24053,34494,23800,20
heapsort,serial,1,100000,37,11,0.015048,32008,53630,31344,30
heapsort,serial,1,100000,41,0,0.013911,0,0,0,0
heapsort,serial,1,100000,41,3,0.015266,12305,14760,12277,7
heapsort,serial,1,100000,41,5,0.015820,18669,24647,18554,13
heapsort,serial,1,100000,41,7,0.015003,23823,34302,23562,21
heapsort,serial,1,100000,41,11,0.015172,31800,53709,31117,33
heapsort,serial,1,100000,53,0,0.014118,0,0,0,0
heapsort,serial,1,100000,53,3,0.014392,12365,14704,12330,8
heapsort,serial,1,100000,53,5,0.014455,18816,24737,18673,14
heapsort,serial,1,100000,53,7,0.015053,24100,34584,23831,19
heapsort,serial,1,100000,53,11,0.015049,32012,53861,31350,39
heapsort,serial,1,1000000,11,0,0.223963,0,0,0,0
heapsort,serial,1,1000000,11,3,0.229896,471704,1480320,424317,15
heapsort,serial,1,1000000,11,5,0.225296,562634,2481803,485478,26
heapsort,serial,1,1000000,11,7,0.215381,617454,3507297,516903,36
heapsort,serial,1,1000000,11,11,0.214979,682147,5607971,545675,55
heapsort,serial,1,1000000,23,0,0.210162,0,0,0,0
heapsort,serial,1,1000000,23,3,0.210773,470421,1472082,423290,14
heapsort,serial,1,1000000,23,5,0.228559,562133,2477586,485310,25
heapsort,serial,1,1000000,23,7,0.227818,616192,3499082,515741,35
heapsort,serial,1,1000000,23,11,0.236478,681237,5592309,545066,57
heapsort,serial,1,1000000,37,0,0.221199,0,0,0,0
heapsort,serial,1,1000000,37,3,0.223832,471265,1476073,423789,14
heapsort,serial,1,1000000,37,5,0.212431,562477,2477427,485478,23
heapsort,serial,1,1000000,37,7,0.207773,616535,3502556,515855,37
heapsort,serial,1,1000000,37,11,0.217897,681842,5608199,545321,55
heapsort,serial,1,1000000,41,0,0.201141,0,0,0,0
heapsort,serial,1,1000000,41,3,0.219681,470800,1473833,423354,14
heapsort,serial,1,1000000,41,5,0.229523,562310,2472529,485686,23
heapsort,serial,1,1000000,41,7,0.232842,616816,3501383,516374,34
heapsort,serial,1,1000000,41,11,0.229637,681327,5599172,545437,61
heapsort,serial,1,1000000,53,0,0.216301,0,0,0,0
heapsort,serial,1,1000000,53,3,0.210954,470743,1473787,423527,14
heapsort,serial,1,1000000,53,5,0.216559,562474,2476932,485358,25
heapsort,serial,1,1000000,53,7,0.211732,616388,3500234,515767,36
heapsort,serial,1,1000000,53,11,0.229359,681405,5594301,544772,57
heapsort,parallel,4,10000,11,0,0.001197,0,0,0,0
heapsort,parallel,4,10000,11,3,0.001180,141,146,141,3
heapsort,parallel,4,10000,11,5,0.001195,235,244,235,5
heapsort,parallel,4,10000,11,7,0.001591,322,337,322,7
heapsort,parallel,4,10000,11,11,0.001173,495,525,495,18
heapsort,parallel,4,10000,23,0,0.001196,0,0,0,0
heapsort,parallel,4,10000,23,3,0.001158,136,139,136,3
heapsort,parallel,4,10000,23,5,0.001261,243,250,243,5
heapsort,parallel,4,10000,23,7,0.001258,335,348,335,9
heapsort,parallel,4,10000,23,11,0.001177,498,523,498,19
heapsort,parallel,4,10000,37,0,0.001148,0,0,0,0
heapsort,parallel,4,10000,37,3,0.001168,153,156,153,4
heapsort,parallel,4,10000,37,5,0.001237,248,255,248,5
heapsort,parallel,4,10000,37,7,0.001197,346,362,346,10
heapsort,parallel,4,10000,37,11,0.001170,519,555,519,19
heapsort,parallel,4,10000,41,0,0.001140,0,0,0,0
heapsort,parallel,4,10000,41,3,0.001242,137,138,137,3
heapsort,parallel,4,10000,41,5,0.001251,251,261,251,8
heapsort,parallel,4,10000,41,7,0.001214,331,351,331,12
heapsort,parallel,4,10000,41,11,0.001168,526,568,526,20
heapsort,parallel,4,10000,53,0,0.001161,0,0,0,0
heapsort,parallel,4,10000,53,3,0.001286,147,150,147,3
heapsort,parallel,4,10000,53,5,0.001196,250,261,250,9
heapsort,parallel,4,10000,53,7,0.001222,343,364,343,14
heapsort,parallel,4,10000,53,11,0.001264,531,571,531,19
heapsort,parallel,4,100000,11,0,0.014719,0,0,0,0
heapsort,parallel,4,100000,11,3,0.015987,12298,14720,12251,7
heapsort,parallel,4,100000,11,5,0.014819,18751,24604,18624,15
heapsort,parallel,4,100000,11,7,0.014984,23903,34275,23664,21
heapsort,parallel,4,100000,11,11,0.014792,32121,54041,31379,31
heapsort,parallel,4,100000,23,0,0.013910,0,0,0,0
heapsort,parallel,4,100000,23,3,0.014915,12466,14936,12427,7
heapsort,parallel,4,100000,23,5,0.014579,18851,24799,18726,12
heapsort,parallel,4,100000,23,7,0.014567,24069,34585,23784,20
heapsort,parallel,4,100000,23,11,0.014915,32100,53858,31384,32
heapsort,parallel,4,100000,37,0,0.014797,0,0,0,0
heapsort,parallel,4,100000,37,3,0.014681,12460,14903,12428,8
heapsort,parallel,4,100000,37,5,0.014644,18812,24801,18684,14
heapsort,parallel,4,100000,37,7,0.014682,24053,34494,23800,20
heapsort,parallel,4,100000,37,11,0.015355,32008,53630,31344,30
heapsort,parallel,4,100000,41,0,0.014285,0,0,0,0
heapsort,parallel,4,100000,41,3,0.014751,12305,14760,12277,7
heapsort,parallel,4,100000,41,5,0.015068,18669,24647,18554,13
heapsort,parallel,4,100000,41,7,0.014891,23823,34302,23562,21
heapsort,parallel,4,100000,41,11,0.016087,31800,53709,31117,33
heapsort,parallel,4,100000,53,0,0.014252,0,0,0,0
heapsort,parallel,4,100000,53,3,0.014676,12365,14704,12330,8
heapsort,parallel,4,100000,53,5,0.014641,18816,24737,18673,14
heapsort,parallel,4,100000,53,7,0.014962,24100,34584,23831,19
heapsort,parallel,4,100000,53,11,0.014788,32012,53861,31350,39
heapsort,parallel,4,1000000,11,0,0.277861,0,0,0,0
heapsort,parallel,4,1000000,11,3,0.268562,471704,1480320,424317,15
heapsort,parallel,4,1000000,11,5,0.252320,562634,2481803,485478,26
heapsort,parallel,4,1000000,11,7,0.236336,617454,3507297,516903,36
heapsort,parallel,4,1000000,11,11,0.244358,682147,5607971,545675,55
heapsort,parallel,4,1000000,23,0,0.261112,0,0,0,0
heapsort,parallel,4,1000000,23,3,0.268069,470421,1472082,423290,14
heapsort,parallel,4,1000000,23,5,0.286733,562133,2477586,485310,25
heapsort,parallel,4,1000000,23,7,0.283050,616192,3499082,515741,35
heapsort,parallel,4,1000000,23,11,0.258618,681237,5592309,545066,57
heapsort,parallel,4,1000000,37,0,0.258819,0,0,0,0
heapsort,parallel,4,1000000,37,3,0.235646,471265,1476073,423789,14
heapsort,parallel,4,1000000,37,5,0.241270,562477,2477427,485478,23
heapsort,parallel,4,1000000,37,7,0.245742,616535,3502556,515855,37
heapsort,parallel,4,1000000,37,11,0.283826,681842,5608199,545321,55
heapsort,parallel,4,1000000,41,0,0.286761,0,0,0,0
heapsort,parallel,4,1000000,41,3,0.276814,470800,1473833,423354,14
heapsort,parallel,4,1000000,41,5,0.241556,562310,2472529,485686,23
heapsort,parallel,4,1000000,41,7,0.256022,616816,3501383,516374,34
heapsort,parallel,4,1000000,41,11,0.236969,681327,5599172,545437,61
heapsort,parallel,4,1000000,53,0,0.239623,0,0,0,0
heapsort,parallel,4,1000000,53,3,0.241466,470743,1473787,423527,14
heapsort,parallel,4,1000000,53,5,0.276982,562474,2476932,485358,25
heapsort,parallel,4,1000000,53,7,0.281731,616388,3500234,515767,36
heapsort,parallel,4,1000000,53,11,0.261339,681405,5594301,544772,57
